,Ward Code,Ward Name,District Code,District Name,Province/City Code,Province/City Name,Latitude,Longitude
0,26734,Phường Tân Định,760,Quận 1,79,Thành phố Hồ Chí Minh,"10,792645","106,690645"
1,26737,Phường Đa Kao,760,Quận 1,79,Thành phố Hồ Chí Minh,"10,789305","106,698753"
2,26740,Phường Bến Nghé,760,Quận 1,79,Thành phố Hồ Chí Minh,"10,780322","106,704141"
3,26743,Phường Bến Thành,760,Quận 1,79,Thành phố Hồ Chí Minh,"10,774806","106,495684"
4,26746,Phường Nguyễn Thái Bình,760,Quận 1,79,Thành phố Hồ Chí Minh,"10,768872","106,701093"
5,26749,Phường Phạm Ngũ Lão,760,Quận 1,79,Thành phố Hồ Chí Minh,"10,76756","106,691085"
6,26752,Phường Cầu Ông Lãnh,760,Quận 1,79,Thành phố Hồ Chí Minh,"10,765505","106,696803"
7,26755,Phường Cô Giang,760,Quận 1,79,Thành phố Hồ Chí Minh,"10,76218","106,693806"
8,26758,Phường Nguyễn Cư Trinh,760,Quận 1,79,Thành phố Hồ Chí Minh,"10,763357","106,686526"
9,26761,Phường Cầu Kho,760,Quận 1,79,Thành phố Hồ Chí Minh,"10,757636","106,688833"
10,26764,Phường Thạnh Xuân,761,Quận 12,79,Thành phố Hồ Chí Minh,"10,879982","106,671373"
11,26767,Phường Thạnh Lộc,761,Quận 12,79,Thành phố Hồ Chí Minh,"10,875593","106,685116"
12,26770,Phường Hiệp Thành,761,Quận 12,79,Thành phố Hồ Chí Minh,"10,881388","106,640694"
13,26773,Phường Thới An,761,Quận 12,79,Thành phố Hồ Chí Minh,"10,877363","106,656125"
14,26776,Phường Tân Chánh Hiệp,761,Quận 12,79,Thành phố Hồ Chí Minh,"10,864291","106,625764"
15,26779,Phường An Phú Đông,761,Quận 12,79,Thành phố Hồ Chí Minh,"10,854697","106,696755"
16,26782,Phường Tân Thới Hiệp,761,Quận 12,79,Thành phố Hồ Chí Minh,"10,861941","106,64169"
17,26785,Phường Trung Mỹ Tây,761,Quận 12,79,Thành phố Hồ Chí Minh,"10,853755","106,616094"
18,26787,Phường Tân Hưng Thuận,761,Quận 12,79,Thành phố Hồ Chí Minh,"10,838576","106,623355"
19,26788,Phường Đông Hưng Thuận,761,Quận 12,79,Thành phố Hồ Chí Minh,"10,844111","106,631415"
20,26791,Phường Tân Thới Nhất,761,Quận 12,79,Thành phố Hồ Chí Minh,"10,828866","106,61594"
21,26794,Phường Linh Xuân,762,Quận Thủ Đức,79,Thành phố Hồ Chí Minh,"10,879976","106,772122"
22,26797,Phường Bình Chiểu,762,Quận Thủ Đức,79,Thành phố Hồ Chí Minh,"10,881508","106,730066"
23,26800,Phường Linh Trung,762,Quận Thủ Đức,79,Thành phố Hồ Chí Minh,"10,862586","106,781265"
24,26803,Phường Tam Bình,762,Quận Thủ Đức,79,Thành phố Hồ Chí Minh,"10,867151","106,735814"
25,26806,Phường Tam Phú,762,Quận Thủ Đức,79,Thành phố Hồ Chí Minh,"10,859126","106,740527"
26,26809,Phường Hiệp Bình Phước,762,Quận Thủ Đức,79,Thành phố Hồ Chí Minh,"10,851443","106,721758"
27,26812,Phường Hiệp Bình Chánh,762,Quận Thủ Đức,79,Thành phố Hồ Chí Minh,"10,83493","106,729774"
28,26815,Phường Linh Chiểu,762,Quận Thủ Đức,79,Thành phố Hồ Chí Minh,"10,853496","106,764889"
29,26818,Phường Linh Tây,762,Quận Thủ Đức,79,Thành phố Hồ Chí Minh,"10,855394","106,753964"
30,26821,Phường Linh Đông,762,Quận Thủ Đức,79,Thành phố Hồ Chí Minh,"10,848021","106,745833"
31,26824,Phường Bình Thọ,762,Quận Thủ Đức,79,Thành phố Hồ Chí Minh,"10,845645","106,767105"
32,26827,Phường Trường Thọ,762,Quận Thủ Đức,79,Thành phố Hồ Chí Minh,"10,833531","106,757956"
33,26830,Phường Long Bình,763,Quận 9,79,Thành phố Hồ Chí Minh,"10,864745","106,838903"
34,26833,Phường Long Thạnh Mỹ,763,Quận 9,79,Thành phố Hồ Chí Minh,"10,844472","106,823271"
35,26836,Phường Tân Phú,763,Quận 9,79,Thành phố Hồ Chí Minh,"10,856926","106,796478"
36,26839,Phường Hiệp Phú,763,Quận 9,79,Thành phố Hồ Chí Minh,"10,847699","106,778848"
37,26842,Phường Tăng Nhơn Phú A,763,Quận 9,79,Thành phố Hồ Chí Minh,"10,842302","106,795591"
38,26845,Phường Tăng Nhơn Phú B,763,Quận 9,79,Thành phố Hồ Chí Minh,"10,831485","106,786398"
39,26848,Phường Phước Long B,763,Quận 9,79,Thành phố Hồ Chí Minh,"10,817353","106,780984"
40,26851,Phường Phước Long A,763,Quận 9,79,Thành phố Hồ Chí Minh,"10,822542","106,764445"
41,26854,Phường Trường Thạnh,763,Quận 9,79,Thành phố Hồ Chí Minh,"10,812265","106,833138"
42,26857,Phường Long Phước,763,Quận 9,79,Thành phố Hồ Chí Minh,"10,807406","106,860105"
43,26860,Phường Long Trường,763,Quận 9,79,Thành phố Hồ Chí Minh,"10,79668","106,824925"
44,26863,Phường Phước Bình,763,Quận 9,79,Thành phố Hồ Chí Minh,"10,813484","106,772229"
45,26866,Phường Phú Hữu,763,Quận 9,79,Thành phố Hồ Chí Minh,"10,79369","106,802158"
46,26869,Phường 15,764,Quận Gò Vấp,79,Thành phố Hồ Chí Minh,"10,852623","106,671115"
47,26872,Phường 13,764,Quận Gò Vấp,79,Thành phố Hồ Chí Minh,"10,855557","106,658158"
48,26875,Phường 17,764,Quận Gò Vấp,79,Thành phố Hồ Chí Minh,"10,840215","106,676568"
49,26876,Phường 6,764,Quận Gò Vấp,79,Thành phố Hồ Chí Minh,"10,843146","106,682822"
50,26878,Phường 16,764,Quận Gò Vấp,79,Thành phố Hồ Chí Minh,"10,845992","106,665526"
51,26881,Phường 12,764,Quận Gò Vấp,79,Thành phố Hồ Chí Minh,"10,836485","106,640589"
52,26882,Phường 14,764,Quận Gò Vấp,79,Thành phố Hồ Chí Minh,"10,847488","106,641548"
53,26884,Phường 10,764,Quận Gò Vấp,79,Thành phố Hồ Chí Minh,"10,833186","106,67155"
54,26887,Phường 05,764,Quận Gò Vấp,79,Thành phố Hồ Chí Minh,"10,828368","106,69188"
55,26890,Phường 07,764,Quận Gò Vấp,79,Thành phố Hồ Chí Minh,"10,828768","106,683457"
56,26893,Phường 04,764,Quận Gò Vấp,79,Thành phố Hồ Chí Minh,"10,823177","106,685784"
57,26896,Phường 01,764,Quận Gò Vấp,79,Thành phố Hồ Chí Minh,"10,816703","106,687403"
58,26897,Phường 9,764,Quận Gò Vấp,79,Thành phố Hồ Chí Minh,"10,846447","106,651491"
59,26898,Phường 8,764,Quận Gò Vấp,79,Thành phố Hồ Chí Minh,"10,840635","106,649566"
60,26899,Phường 11,764,Quận Gò Vấp,79,Thành phố Hồ Chí Minh,"10,839879","106,661248"
61,26902,Phường 03,764,Quận Gò Vấp,79,Thành phố Hồ Chí Minh,"10,818331","106,679488"
62,26905,Phường 13,765,Quận Bình Thạnh,79,Thành phố Hồ Chí Minh,"10,826766","106,704274"
63,26908,Phường 11,765,Quận Bình Thạnh,79,Thành phố Hồ Chí Minh,"10,81562","106,695716"
64,26911,Phường 27,765,Quận Bình Thạnh,79,Thành phố Hồ Chí Minh,"10,817082","106,721277"
65,26914,Phường 26,765,Quận Bình Thạnh,79,Thành phố Hồ Chí Minh,"10,81333","106,711019"
66,26917,Phường 12,765,Quận Bình Thạnh,79,Thành phố Hồ Chí Minh,"10,811706","106,702405"
67,26920,Phường 25,765,Quận Bình Thạnh,79,Thành phố Hồ Chí Minh,"10,804846","106,718618"
68,26923,Phường 05,765,Quận Bình Thạnh,79,Thành phố Hồ Chí Minh,"10,811982","106,687672"
69,26926,Phường 07,765,Quận Bình Thạnh,79,Thành phố Hồ Chí Minh,"10,807522","106,692541"
70,26929,Phường 24,765,Quận Bình Thạnh,79,Thành phố Hồ Chí Minh,"10,805822","106,705696"
71,26932,Phường 06,765,Quận Bình Thạnh,79,Thành phố Hồ Chí Minh,"10,807359","106,686812"
72,26935,Phường 14,765,Quận Bình Thạnh,79,Thành phố Hồ Chí Minh,"10,804538","106,698273"
73,26938,Phường 15,765,Quận Bình Thạnh,79,Thành phố Hồ Chí Minh,"10,79856","106,704125"
74,26941,Phường 02,765,Quận Bình Thạnh,79,Thành phố Hồ Chí Minh,"10,79721","106,686429"
75,26944,Phường 01,765,Quận Bình Thạnh,79,Thành phố Hồ Chí Minh,"10,797914","106,697432"
76,26947,Phường 03,765,Quận Bình Thạnh,79,Thành phố Hồ Chí Minh,"10,798524","106,6949"
77,26950,Phường 17,765,Quận Bình Thạnh,79,Thành phố Hồ Chí Minh,"10,796017","106,706852"
78,26953,Phường 21,765,Quận Bình Thạnh,79,Thành phố Hồ Chí Minh,"10,796978","106,712167"
79,26956,Phường 22,765,Quận Bình Thạnh,79,Thành phố Hồ Chí Minh,"10,793551","106,719044"
80,26959,Phường 19,765,Quận Bình Thạnh,79,Thành phố Hồ Chí Minh,"10,791004","106,710051"
81,26962,Phường 28,765,Quận Bình Thạnh,79,Thành phố Hồ Chí Minh,"10,822367","106,741468"
82,26965,Phường 02,766,Quận Tân Bình,79,Thành phố Hồ Chí Minh,"10,808066","106,667205"
83,26968,Phường 04,766,Quận Tân Bình,79,Thành phố Hồ Chí Minh,"10,803342","106,657914"
84,26971,Phường 12,766,Quận Tân Bình,79,Thành phố Hồ Chí Minh,"10,80121","106,650327"
85,26974,Phường 13,766,Quận Tân Bình,79,Thành phố Hồ Chí Minh,"10,803875","106,642889"
86,26977,Phường 01,766,Quận Tân Bình,79,Thành phố Hồ Chí Minh,"10,796352","106,666675"
87,26980,Phường 03,766,Quận Tân Bình,79,Thành phố Hồ Chí Minh,"10,793967","106,662766"
88,26983,Phường 11,766,Quận Tân Bình,79,Thành phố Hồ Chí Minh,"10,789541","106,649065"
89,26986,Phường 07,766,Quận Tân Bình,79,Thành phố Hồ Chí Minh,"10,788543","106,656124"
90,26989,Phường 05,766,Quận Tân Bình,79,Thành phố Hồ Chí Minh,"10,790288","106,661846"
91,26992,Phường 10,766,Quận Tân Bình,79,Thành phố Hồ Chí Minh,"10,782678","106,64703"
92,26995,Phường 06,766,Quận Tân Bình,79,Thành phố Hồ Chí Minh,"10,784085","106,658897"
93,26998,Phường 08,766,Quận Tân Bình,79,Thành phố Hồ Chí Minh,"10,783331","106,652736"
94,27001,Phường 09,766,Quận Tân Bình,79,Thành phố Hồ Chí Minh,"10,776162","106,65174"
95,27004,Phường 14,766,Quận Tân Bình,79,Thành phố Hồ Chí Minh,"10,796394","106,641149"
96,27007,Phường 15,766,Quận Tân Bình,79,Thành phố Hồ Chí Minh,"10,821251","106,637359"
97,27010,Phường Tân Sơn Nhì,767,Quận Tân Phú,79,Thành phố Hồ Chí Minh,"10,799215","106,632088"
98,27013,Phường Tây Thạnh,767,Quận Tân Phú,79,Thành phố Hồ Chí Minh,"10,813199","106,624782"
99,27016,Phường Sơn Kỳ,767,Quận Tân Phú,79,Thành phố Hồ Chí Minh,"10,804389","106,617572"
100,27019,Phường Tân Quý,767,Quận Tân Phú,79,Thành phố Hồ Chí Minh,"10,79404","106,622143"
101,27022,Phường Tân Thành,767,Quận Tân Phú,79,Thành phố Hồ Chí Minh,"10,791069","106,634543"
102,27025,Phường Phú Thọ Hòa,767,Quận Tân Phú,79,Thành phố Hồ Chí Minh,"10,785725","106,627722"
103,27028,Phường Phú Thạnh,767,Quận Tân Phú,79,Thành phố Hồ Chí Minh,"10,779833","106,62682"
104,27031,Phường Phú Trung,767,Quận Tân Phú,79,Thành phố Hồ Chí Minh,"10,775575","106,641497"
105,27034,Phường Hòa Thạnh,767,Quận Tân Phú,79,Thành phố Hồ Chí Minh,"10,778168","106,636949"
106,27037,Phường Hiệp Tân,767,Quận Tân Phú,79,Thành phố Hồ Chí Minh,"10,771676","106,627368"
107,27040,Phường Tân Thới Hòa,767,Quận Tân Phú,79,Thành phố Hồ Chí Minh,"10,763702","106,631026"
108,27043,Phường 04,768,Quận Phú Nhuận,79,Thành phố Hồ Chí Minh,"10,807371","106,679601"
109,27046,Phường 05,768,Quận Phú Nhuận,79,Thành phố Hồ Chí Minh,"10,806191","106,683726"
110,27049,Phường 09,768,Quận Phú Nhuận,79,Thành phố Hồ Chí Minh,"10,805045","106,674535"
111,27052,Phường 07,768,Quận Phú Nhuận,79,Thành phố Hồ Chí Minh,"10,80004","106,689785"
112,27055,Phường 03,768,Quận Phú Nhuận,79,Thành phố Hồ Chí Minh,"10,802303","106,681571"
113,27058,Phường 01,768,Quận Phú Nhuận,79,Thành phố Hồ Chí Minh,"10,798703","106,682806"
114,27061,Phường 02,768,Quận Phú Nhuận,79,Thành phố Hồ Chí Minh,"10,797453","106,686837"
115,27064,Phường 08,768,Quận Phú Nhuận,79,Thành phố Hồ Chí Minh,"10,797936","106,674385"
116,27067,Phường 15,768,Quận Phú Nhuận,79,Thành phố Hồ Chí Minh,"10,796003","106,680501"
117,27070,Phường 10,768,Quận Phú Nhuận,79,Thành phố Hồ Chí Minh,"10,795363","106,671279"
118,27073,Phường 11,768,Quận Phú Nhuận,79,Thành phố Hồ Chí Minh,"10,793076","106,674891"
119,27076,Phường 17,768,Quận Phú Nhuận,79,Thành phố Hồ Chí Minh,"10,793462","106,682755"
120,27079,Phường 14,768,Quận Phú Nhuận,79,Thành phố Hồ Chí Minh,"10,788802","106,679615"
121,27082,Phường 12,768,Quận Phú Nhuận,79,Thành phố Hồ Chí Minh,"10,792345","106,677841"
122,27085,Phường 13,768,Quận Phú Nhuận,79,Thành phố Hồ Chí Minh,"10,789985","106,670642"
123,27088,Phường Thảo Điền,769,Quận 2,79,Thành phố Hồ Chí Minh,"10,807108","106,733744"
124,27091,Phường An Phú,769,Quận 2,79,Thành phố Hồ Chí Minh,"10,798183","106,759131"
125,27094,Phường Bình An,769,Quận 2,79,Thành phố Hồ Chí Minh,"10,790942","106,730933"
126,27097,Phường Bình Trưng Đông,769,Quận 2,79,Thành phố Hồ Chí Minh,"10,784168","106,779095"
127,27100,Phường Bình Trưng Tây,769,Quận 2,79,Thành phố Hồ Chí Minh,"10,78492","106,758644"
128,27103,Phường Bình Khánh,769,Quận 2,79,Thành phố Hồ Chí Minh,"10,782474","106,737542"
129,27106,Phường An Khánh,769,Quận 2,79,Thành phố Hồ Chí Minh,"10,780012","106,718935"
130,27109,Phường Cát Lái,769,Quận 2,79,Thành phố Hồ Chí Minh,"10,768096","106,779429"
131,27112,Phường Thạnh Mỹ Lợi,769,Quận 2,79,Thành phố Hồ Chí Minh,"10,762046","106,765287"
132,27115,Phường An Lợi Đông,769,Quận 2,79,Thành phố Hồ Chí Minh,"10,768897","106,727221"
133,27118,Phường Thủ Thiêm,769,Quận 2,79,Thành phố Hồ Chí Minh,"10,772803","106,717324"
134,27121,Phường 08,770,Quận 3,79,Thành phố Hồ Chí Minh,"10,789182","106,687349"
135,27124,Phường 07,770,Quận 3,79,Thành phố Hồ Chí Minh,"10,781612","106,686571"
136,27127,Phường 14,770,Quận 3,79,Thành phố Hồ Chí Minh,"10,788624","106,681323"
137,27130,Phường 12,770,Quận 3,79,Thành phố Hồ Chí Minh,"10,78812","106,674247"
138,27133,Phường 11,770,Quận 3,79,Thành phố Hồ Chí Minh,"10,786502","106,670179"
139,27136,Phường 13,770,Quận 3,79,Thành phố Hồ Chí Minh,"10,786052","106,678566"
140,27139,Phường 06,770,Quận 3,79,Thành phố Hồ Chí Minh,"10,780201","106,691845"
141,27142,Phường 09,770,Quận 3,79,Thành phố Hồ Chí Minh,"10,782375","106,681742"
142,27145,Phường 10,770,Quận 3,79,Thành phố Hồ Chí Minh,"10,781393","106,676049"
143,27148,Phường 04,770,Quận 3,79,Thành phố Hồ Chí Minh,"10,773671","106,683226"
144,27151,Phường 05,770,Quận 3,79,Thành phố Hồ Chí Minh,"10,772081","106,686101"
145,27154,Phường 03,770,Quận 3,79,Thành phố Hồ Chí Minh,"10,770351","106,679357"
146,27157,Phường 02,770,Quận 3,79,Thành phố Hồ Chí Minh,"10,767506","106,681674"
147,27160,Phường 01,770,Quận 3,79,Thành phố Hồ Chí Minh,"10,76824","106,677391"
148,27163,Phường 15,771,Quận 10,79,Thành phố Hồ Chí Minh,"10,781899","106,665124"
149,27166,Phường 13,771,Quận 10,79,Thành phố Hồ Chí Minh,"10,779685","106,671546"
150,27169,Phường 14,771,Quận 10,79,Thành phố Hồ Chí Minh,"10,771488","106,662043"
151,27172,Phường 12,771,Quận 10,79,Thành phố Hồ Chí Minh,"10,775347","106,674618"
152,27175,Phường 11,771,Quận 10,79,Thành phố Hồ Chí Minh,"10,77357","106,678784"
153,27178,Phường 10,771,Quận 10,79,Thành phố Hồ Chí Minh,"10,769079","106,672617"
154,27181,Phường 09,771,Quận 10,79,Thành phố Hồ Chí Minh,"10,7666","106,671251"
155,27184,Phường 01,771,Quận 10,79,Thành phố Hồ Chí Minh,"10,765148","106,677498"
156,27187,Phường 08,771,Quận 10,79,Thành phố Hồ Chí Minh,"10,764936","106,666078"
157,27190,Phường 02,771,Quận 10,79,Thành phố Hồ Chí Minh,"10,763502","106,674321"
158,27193,Phường 04,771,Quận 10,79,Thành phố Hồ Chí Minh,"10,763398","106,669602"
159,27196,Phường 07,771,Quận 10,79,Thành phố Hồ Chí Minh,"10,761262","106,661564"
160,27199,Phường 05,771,Quận 10,79,Thành phố Hồ Chí Minh,"10,761523","106,666909"
161,27202,Phường 06,771,Quận 10,79,Thành phố Hồ Chí Minh,"10,762121","106,663661"
162,27205,Phường 03,771,Quận 10,79,Thành phố Hồ Chí Minh,"10,770352","106,67948"
163,27208,Phường 15,772,Quận 11,79,Thành phố Hồ Chí Minh,"10,769917","106,655952"
164,27211,Phường 05,772,Quận 11,79,Thành phố Hồ Chí Minh,"10,770861","106,644972"
165,27214,Phường 14,772,Quận 11,79,Thành phố Hồ Chí Minh,"10,768842","106,648332"
166,27217,Phường 11,772,Quận 11,79,Thành phố Hồ Chí Minh,"10,766151","106,65044"
167,27220,Phường 03,772,Quận 11,79,Thành phố Hồ Chí Minh,"10,763543","106,638669"
168,27223,Phường 10,772,Quận 11,79,Thành phố Hồ Chí Minh,"10,762477","106,643475"
169,27226,Phường 13,772,Quận 11,79,Thành phố Hồ Chí Minh,"10,764016","106,653952"
170,27229,Phường 08,772,Quận 11,79,Thành phố Hồ Chí Minh,"10,761365","106,648723"
171,27232,Phường 09,772,Quận 11,79,Thành phố Hồ Chí Minh,"10,776141","106,651848"
172,27235,Phường 12,772,Quận 11,79,Thành phố Hồ Chí Minh,"10,761388","106,653009"
173,27238,Phường 07,772,Quận 11,79,Thành phố Hồ Chí Minh,"10,760713","106,659645"
174,27241,Phường 06,772,Quận 11,79,Thành phố Hồ Chí Minh,"10,759838","106,654864"
175,27244,Phường 04,772,Quận 11,79,Thành phố Hồ Chí Minh,"10,758034","106,655176"
176,27247,Phường 01,772,Quận 11,79,Thành phố Hồ Chí Minh,"10,756895","106,639445"
177,27250,Phường 02,772,Quận 11,79,Thành phố Hồ Chí Minh,"10,757105","106,645117"
178,27253,Phường 16,772,Quận 11,79,Thành phố Hồ Chí Minh,"10,755876","106,648504"
179,27256,Phường 12,773,Quận 4,79,Thành phố Hồ Chí Minh,"10,765756","106,705367"
180,27259,Phường 13,773,Quận 4,79,Thành phố Hồ Chí Minh,"10,762089","106,70985"
181,27262,Phường 09,773,Quận 4,79,Thành phố Hồ Chí Minh,"10,763259","106,703074"
182,27265,Phường 06,773,Quận 4,79,Thành phố Hồ Chí Minh,"10,760679","106,700109"
183,27268,Phường 08,773,Quận 4,79,Thành phố Hồ Chí Minh,"10,759896","106,703058"
184,27271,Phường 10,773,Quận 4,79,Thành phố Hồ Chí Minh,"10,760497","106,705536"
185,27274,Phường 05,773,Quận 4,79,Thành phố Hồ Chí Minh,"10,758222","106,698177"
186,27277,Phường 18,773,Quận 4,79,Thành phố Hồ Chí Minh,"10,7574","106,716973"
187,27280,Phường 14,773,Quận 4,79,Thành phố Hồ Chí Minh,"10,758196","106,708778"
188,27283,Phường 04,773,Quận 4,79,Thành phố Hồ Chí Minh,"10,755762","106,703978"
189,27286,Phường 03,773,Quận 4,79,Thành phố Hồ Chí Minh,"10,754172","106,699669"
190,27289,Phường 16,773,Quận 4,79,Thành phố Hồ Chí Minh,"10,755377","106,712507"
191,27292,Phường 02,773,Quận 4,79,Thành phố Hồ Chí Minh,"10,756579","106,695324"
192,27295,Phường 15,773,Quận 4,79,Thành phố Hồ Chí Minh,"10,754548","106,707818"
193,27298,Phường 01,773,Quận 4,79,Thành phố Hồ Chí Minh,"10,75447","106,6913"
194,27301,Phường 04,774,Quận 5,79,Thành phố Hồ Chí Minh,"10,761241","106,679939"
195,27304,Phường 09,774,Quận 5,79,Thành phố Hồ Chí Minh,"10,758531","106,670787"
196,27307,Phường 03,774,Quận 5,79,Thành phố Hồ Chí Minh,"10,758766","106,679792"
197,27310,Phường 12,774,Quận 5,79,Thành phố Hồ Chí Minh,"10,756619","106,66106"
198,27313,Phường 02,774,Quận 5,79,Thành phố Hồ Chí Minh,"10,75657","106,68091"
199,27316,Phường 08,774,Quận 5,79,Thành phố Hồ Chí Minh,"10,755879","106,670912"
200,27319,Phường 15,774,Quận 5,79,Thành phố Hồ Chí Minh,"10,755191","106,653675"
201,27322,Phường 07,774,Quận 5,79,Thành phố Hồ Chí Minh,"10,754019","106,672085"
202,27325,Phường 01,774,Quận 5,79,Thành phố Hồ Chí Minh,"10,753653","106,682443"
203,27328,Phường 11,774,Quận 5,79,Thành phố Hồ Chí Minh,"10,753757","106,662749"
204,27331,Phường 14,774,Quận 5,79,Thành phố Hồ Chí Minh,"10,752408","106,654847"
205,27334,Phường 05,774,Quận 5,79,Thành phố Hồ Chí Minh,"10,751417","106,675122"
206,27337,Phường 06,774,Quận 5,79,Thành phố Hồ Chí Minh,"10,751192","106,670476"
207,27340,Phường 10,774,Quận 5,79,Thành phố Hồ Chí Minh,"10,750727","106,663005"
208,27343,Phường 13,774,Quận 5,79,Thành phố Hồ Chí Minh,"10,749373","106,657232"
209,27346,Phường 14,775,Quận 6,79,Thành phố Hồ Chí Minh,"10,739591","106,647398"
210,27349,Phường 13,775,Quận 6,79,Thành phố Hồ Chí Minh,"10,752225","106,628027"
211,27352,Phường 09,775,Quận 6,79,Thành phố Hồ Chí Minh,"10,752488","106,640576"
212,27355,Phường 06,775,Quận 6,79,Thành phố Hồ Chí Minh,"10,751933","106,645975"
213,27358,Phường 12,775,Quận 6,79,Thành phố Hồ Chí Minh,"10,749502","106,632354"
214,27361,Phường 05,775,Quận 6,79,Thành phố Hồ Chí Minh,"10,748519","106,643755"
215,27364,Phường 11,775,Quận 6,79,Thành phố Hồ Chí Minh,"10,744757","106,631971"
216,27367,Phường 02,775,Quận 6,79,Thành phố Hồ Chí Minh,"10,750331","106,650599"
217,27370,Phường 01,775,Quận 6,79,Thành phố Hồ Chí Minh,"10,746251","106,651519"
218,27373,Phường 04,775,Quận 6,79,Thành phố Hồ Chí Minh,"10,745976","106,645694"
219,27376,Phường 08,775,Quận 6,79,Thành phố Hồ Chí Minh,"10,742844","106,639619"
220,27379,Phường 03,775,Quận 6,79,Thành phố Hồ Chí Minh,"10,742705","106,646334"
221,27382,Phường 07,775,Quận 6,79,Thành phố Hồ Chí Minh,"10,738889","106,639185"
222,27385,Phường 10,775,Quận 6,79,Thành phố Hồ Chí Minh,"10,737069","106,628266"
223,27388,Phường 08,776,Quận 8,79,Thành phố Hồ Chí Minh,"10,749823","106,679263"
224,27391,Phường 02,776,Quận 8,79,Thành phố Hồ Chí Minh,"10,74602","106,686701"
225,27394,Phường 01,776,Quận 8,79,Thành phố Hồ Chí Minh,"10,746105","106,690732"
226,27397,Phường 03,776,Quận 8,79,Thành phố Hồ Chí Minh,"10,744113","106,682967"
227,27400,Phường 11,776,Quận 8,79,Thành phố Hồ Chí Minh,"10,748308","106,66391"
228,27403,Phường 09,776,Quận 8,79,Thành phố Hồ Chí Minh,"10,746291","106,671197"
229,27406,Phường 10,776,Quận 8,79,Thành phố Hồ Chí Minh,"10,746383","106,665462"
230,27409,Phường 04,776,Quận 8,79,Thành phố Hồ Chí Minh,"10,740602","106,676326"
231,27412,Phường 13,776,Quận 8,79,Thành phố Hồ Chí Minh,"10,745472","106,65593"
232,27415,Phường 12,776,Quận 8,79,Thành phố Hồ Chí Minh,"10,743303","106,656704"
233,27418,Phường 05,776,Quận 8,79,Thành phố Hồ Chí Minh,"10,738049","106,666589"
234,27421,Phường 14,776,Quận 8,79,Thành phố Hồ Chí Minh,"10,73919","106,647323"
235,27424,Phường 06,776,Quận 8,79,Thành phố Hồ Chí Minh,"10,734478","106,649353"
236,27427,Phường 15,776,Quận 8,79,Thành phố Hồ Chí Minh,"10,72322","106,631843"
237,27430,Phường 16,776,Quận 8,79,Thành phố Hồ Chí Minh,"10,717421","106,62191"
238,27433,Phường 07,776,Quận 8,79,Thành phố Hồ Chí Minh,"10,705934","106,62505"
239,27436,Phường Bình Hưng Hòa,777,Quận Bình Tân,79,Thành phố Hồ Chí Minh,"10,805543","106,603626"
240,27439,Phường Bình Hưng Hoà A,777,Quận Bình Tân,79,Thành phố Hồ Chí Minh,"10,783227","106,607774"
241,27442,Phường Bình Hưng Hoà B,777,Quận Bình Tân,79,Thành phố Hồ Chí Minh,"10,805374","106,603626"
242,27445,Phường Bình Trị Đông,777,Quận Bình Tân,79,Thành phố Hồ Chí Minh,"10,76485","106,616269"
243,27448,Phường Bình Trị Đông A,777,Quận Bình Tân,79,Thành phố Hồ Chí Minh,"10,770605","106,597004"
244,27451,Phường Bình Trị Đông B,777,Quận Bình Tân,79,Thành phố Hồ Chí Minh,"10,745065","106,610904"
245,27454,Phường Tân Tạo,777,Quận Bình Tân,79,Thành phố Hồ Chí Minh,"10,760411","106,590024"
246,27457,Phường Tân Tạo A,777,Quận Bình Tân,79,Thành phố Hồ Chí Minh,"10,743677","106,583169"
247,27460,Phường  An Lạc,777,Quận Bình Tân,79,Thành phố Hồ Chí Minh,"10,728195","106,614303"
248,27463,Phường An Lạc A,777,Quận Bình Tân,79,Thành phố Hồ Chí Minh,"10,746753","106,621127"
249,27466,Phường Tân Thuận Đông,778,Quận 7,79,Thành phố Hồ Chí Minh,"10,758029","106,739014"
250,27469,Phường Tân Thuận Tây,778,Quận 7,79,Thành phố Hồ Chí Minh,"10,751327","106,722195"
251,27472,Phường Tân Kiểng,778,Quận 7,79,Thành phố Hồ Chí Minh,"10,748479","106,71035"
252,27475,Phường Tân Hưng,778,Quận 7,79,Thành phố Hồ Chí Minh,"10,745222","106,698558"
253,27478,Phường Bình Thuận,778,Quận 7,79,Thành phố Hồ Chí Minh,"10,742576","106,723945"
254,27481,Phường Tân Quy,778,Quận 7,79,Thành phố Hồ Chí Minh,"10,742111","106,709952"
255,27484,Phường Phú Thuận,778,Quận 7,79,Thành phố Hồ Chí Minh,"10,729082","106,742488"
256,27487,Phường Tân Phú,778,Quận 7,79,Thành phố Hồ Chí Minh,"10,727494","106,724359"
257,27490,Phường Tân Phong,778,Quận 7,79,Thành phố Hồ Chí Minh,"10,729153","106,706478"
258,27493,Phường Phú Mỹ,778,Quận 7,79,Thành phố Hồ Chí Minh,"10,712961","106,735726"
259,27496,Thị trấn Củ Chi,783,Huyện Củ Chi,79,Thành phố Hồ Chí Minh,"10,974729","106,494985"
260,27499,Xã Phú Mỹ Hưng,783,Huyện Củ Chi,79,Thành phố Hồ Chí Minh,"11,121707","106,463526"
261,27502,Xã An Phú,783,Huyện Củ Chi,79,Thành phố Hồ Chí Minh,"11,114188","106,499791"
262,27505,Xã Trung Lập Thượng,783,Huyện Củ Chi,79,Thành phố Hồ Chí Minh,"11,065068","106,440814"
263,27508,Xã An Nhơn Tây,783,Huyện Củ Chi,79,Thành phố Hồ Chí Minh,"11,074717","106,493423"
264,27511,Xã Nhuận Đức,783,Huyện Củ Chi,79,Thành phố Hồ Chí Minh,"11,035882","106,488166"
265,27514,Xã Phạm Văn Cội,783,Huyện Củ Chi,79,Thành phố Hồ Chí Minh,"11,036904","106,525846"
266,27517,Xã Phú Hòa Đông,783,Huyện Củ Chi,79,Thành phố Hồ Chí Minh,"11,015521","106,554492"
267,27520,Xã Trung Lập Hạ,783,Huyện Củ Chi,79,Thành phố Hồ Chí Minh,"11,014504","106,469343"
268,27523,Xã Trung An,783,Huyện Củ Chi,79,Thành phố Hồ Chí Minh,"11,007105","106,591694"
269,27526,Xã Phước Thạnh,783,Huyện Củ Chi,79,Thành phố Hồ Chí Minh,"11,015893","106,426642"
270,27529,Xã Phước Hiệp,783,Huyện Củ Chi,79,Thành phố Hồ Chí Minh,"10,98344","106,45039"
271,27532,Xã Tân An Hội,783,Huyện Củ Chi,79,Thành phố Hồ Chí Minh,"10,961337","106,47821"
272,27535,Xã Phước Vĩnh An,783,Huyện Củ Chi,79,Thành phố Hồ Chí Minh,"10,982284","106,52314"
273,27538,Xã Thái Mỹ,783,Huyện Củ Chi,79,Thành phố Hồ Chí Minh,"10,990854","106,408948"
274,27541,Xã Tân Thạnh Tây,783,Huyện Củ Chi,79,Thành phố Hồ Chí Minh,"10,986781","106,557797"
275,27544,Xã Hòa Phú,783,Huyện Củ Chi,79,Thành phố Hồ Chí Minh,"10,979969","106,613527"
276,27547,Xã Tân Thạnh Đông,783,Huyện Củ Chi,79,Thành phố Hồ Chí Minh,"10,955091","106,594677"
277,27550,Xã Bình Mỹ,783,Huyện Củ Chi,79,Thành phố Hồ Chí Minh,"10,943157","106,638349"
278,27553,Xã Tân Phú Trung,783,Huyện Củ Chi,79,Thành phố Hồ Chí Minh,"10,940784","106,553162"
279,27556,Xã Tân Thông Hội,783,Huyện Củ Chi,79,Thành phố Hồ Chí Minh,"10,955282","106,512767"
280,27559,Thị trấn Hóc Môn,784,Huyện Hóc Môn,79,Thành phố Hồ Chí Minh,"10,886665","106,593336"
281,27562,Xã Tân Hiệp,784,Huyện Hóc Môn,79,Thành phố Hồ Chí Minh,"10,907371","106,589783"
282,27565,Xã Nhị Bình,784,Huyện Hóc Môn,79,Thành phố Hồ Chí Minh,"10,912148","106,674345"
283,27568,Xã Đông Thạnh,784,Huyện Hóc Môn,79,Thành phố Hồ Chí Minh,"10,90425","106,641504"
284,27571,Xã Tân Thới Nhì,784,Huyện Hóc Môn,79,Thành phố Hồ Chí Minh,"10,904159","106,553718"
285,27574,Xã Thới Tam Thôn,784,Huyện Hóc Môn,79,Thành phố Hồ Chí Minh,"10,890713","106,613502"
286,27577,Xã Xuân Thới Sơn,784,Huyện Hóc Môn,79,Thành phố Hồ Chí Minh,"10,879405","106,560131"
287,27580,Xã Tân Xuân,784,Huyện Hóc Môn,79,Thành phố Hồ Chí Minh,"10,870062","106,600597"
288,27583,Xã Xuân Thới Đông,784,Huyện Hóc Môn,79,Thành phố Hồ Chí Minh,"10,8687479","106,5890718"
289,27586,Xã Trung Chánh,784,Huyện Hóc Môn,79,Thành phố Hồ Chí Minh,"10,8637956","106,5981487"
290,27589,Xã Xuân Thới Thượng,784,Huyện Hóc Môn,79,Thành phố Hồ Chí Minh,"10,855615","106,566473"
291,27592,Xã Bà Điểm,784,Huyện Hóc Môn,79,Thành phố Hồ Chí Minh,"10,840952","106,600584"
292,27595,Thị trấn Tân Túc,785,Huyện Bình Chánh,79,Thành phố Hồ Chí Minh,"10,684941","106,574701"
293,27598,Xã Phạm Văn Hai,785,Huyện Bình Chánh,79,Thành phố Hồ Chí Minh,"10,819865","106,526539"
294,27601,Xã Vĩnh Lộc A,785,Huyện Bình Chánh,79,Thành phố Hồ Chí Minh,"10,821726","106,563036"
295,27604,Xã Vĩnh Lộc B,785,Huyện Bình Chánh,79,Thành phố Hồ Chí Minh,"10,788327","106,567942"
296,27607,Xã Bình Lợi,785,Huyện Bình Chánh,79,Thành phố Hồ Chí Minh,"10,739882","106,492666"
297,27610,Xã Lê Minh Xuân,785,Huyện Bình Chánh,79,Thành phố Hồ Chí Minh,"10,754673","106,5267777"
298,27613,Xã Tân Nhựt,785,Huyện Bình Chánh,79,Thành phố Hồ Chí Minh,"10,710614","106,553283"
299,27616,Xã Tân Kiên,785,Huyện Bình Chánh,79,Thành phố Hồ Chí Minh,"10,713597","106,58692"
300,27619,Xã Bình Hưng,785,Huyện Bình Chánh,79,Thành phố Hồ Chí Minh,"10,721715","106,673199"
301,27622,Xã Phong Phú,785,Huyện Bình Chánh,79,Thành phố Hồ Chí Minh,"10,696177","106,653904"
302,27625,Xã An Phú Tây,785,Huyện Bình Chánh,79,Thành phố Hồ Chí Minh,"10,687666","106,608885"
303,27628,Xã Hưng Long,785,Huyện Bình Chánh,79,Thành phố Hồ Chí Minh,"10,664022","106,627004"
304,27631,Xã Đa Phước,785,Huyện Bình Chánh,79,Thành phố Hồ Chí Minh,"10,662064","106,660406"
305,27634,Xã Tân Quý Tây,785,Huyện Bình Chánh,79,Thành phố Hồ Chí Minh,"10,667363","106,596535"
306,27637,Xã Bình Chánh,785,Huyện Bình Chánh,79,Thành phố Hồ Chí Minh,"10,664126","106,568854"
307,27640,Xã Quy Đức,785,Huyện Bình Chánh,79,Thành phố Hồ Chí Minh,"10,640263","106,6432"
308,27643,Thị trấn Nhà Bè,786,Huyện Nhà Bè,79,Thành phố Hồ Chí Minh,"10,693761","106,739916"
309,27646,Xã Phước Kiển,786,Huyện Nhà Bè,79,Thành phố Hồ Chí Minh,"10,704902","106,709565"
310,27649,Xã Phước Lộc,786,Huyện Nhà Bè,79,Thành phố Hồ Chí Minh,"10,698181","106,683942"
311,27652,Xã Nhơn Đức,786,Huyện Nhà Bè,79,Thành phố Hồ Chí Minh,"10,673512","106,700908"
312,27655,Xã Phú Xuân,786,Huyện Nhà Bè,79,Thành phố Hồ Chí Minh,"10,67967","106,746324"
313,27658,Xã Long Thới,786,Huyện Nhà Bè,79,Thành phố Hồ Chí Minh,"10,654882","106,724657"
314,27661,Xã Hiệp Phước,786,Huyện Nhà Bè,79,Thành phố Hồ Chí Minh,"10,61193","106,750103"
315,27664,Thị trấn Cần Thạnh,787,Huyện Cần Giờ,79,Thành phố Hồ Chí Minh,"10,417203","106,946657"
316,27667,Xã Bình Khánh,787,Huyện Cần Giờ,79,Thành phố Hồ Chí Minh,"10,63631","106,795134"
317,27670,Xã Tam Thôn Hiệp,787,Huyện Cần Giờ,79,Thành phố Hồ Chí Minh,"10,577118","106,889738"
318,27673,Xã An Thới Đông,787,Huyện Cần Giờ,79,Thành phố Hồ Chí Minh,"10,549","106,811632"
319,27676,Xã Thạnh An,787,Huyện Cần Giờ,79,Thành phố Hồ Chí Minh,"10,549787","106,97898"
320,27679,Xã Long Hòa,787,Huyện Cần Giờ,79,Thành phố Hồ Chí Minh,"10,452683","106,900317"
321,27682,Xã Lý Nhơn,787,Huyện Cần Giờ,79,Thành phố Hồ Chí Minh,"10,467345","106,806568"
